ID,NAME,DOJ,COMPANY,AddressLine1,City,State,ZipCode
01,Amita,15/1/2018, NTT, Server Space,Pune,Maharashtra,411003
02,Pooja,15/1/2018,NTT, Server Space,Pune,Maharashtra,411003
03,Venkat,15/1/20188,NTT, Server Space,Pune,Maharashtra,411003
01,Amita,15/1/2018, NTT, Server Space,Pune,Maharashtra,411003
02,Pooja,15/1/2018,NTT, Server Space,Pune,Maharashtra,411003
03,Venkat,15/1/20188,NTT, Server Space,Pune,Maharashtra,411003
01,Amita,15/1/2018, NTT, Server Space,Pune,Maharashtra,411003
02,Pooja,15/1/2018,NTT, Server Space,Pune,Maharashtra,411003
03,Venkat,15/1/20188,NTT, Server Space,Pune,Maharashtra,411003
01,Amita,15/1/2018, NTT, Server Space,Pune,Maharashtra,411003
02,Pooja,15/1/2018,NTT, Server Space,Pune,Maharashtra,411003
03,Venkat,15/1/20188,NTT, Server Space,Pune,Maharashtra,411003